{"cameraMode":{"drawMode":0,"name":"Shaded","section":"Shading Mode"},"sceneLighting":false,"audioPlay":false,"sceneViewState":{"showFog":true,"showMaterialUpdate":true,"showSkybox":false,"showFlares":true,"showImageEffects":true,"showParticleSystems":true},"in2DMode":false,"pivot":{"x":0.022062301635742189,"y":5.3490142822265629,"z":1.11814546585083},"rotation":{"x":0.21129493415355683,"y":-0.6685547232627869,"z":0.2070399522781372,"w":0.6822928786277771},"size":29.584325790405275,"orthographic":false}