{"cameraMode":{"drawMode":0,"name":"Shaded","section":"Shading Mode"},"sceneLighting":true,"audioPlay":false,"sceneViewState":{"showFog":true,"showMaterialUpdate":true,"showSkybox":true,"showFlares":true,"showImageEffects":true,"showParticleSystems":true},"in2DMode":false,"pivot":{"x":-232.227783203125,"y":42.17314147949219,"z":607.57958984375},"rotation":{"x":0.006318103056401014,"y":0.004770340397953987,"z":-0.00003061518873437308,"w":0.9999687075614929},"size":427.56890869140627,"orthographic":false}