{"cameraMode":{"drawMode":0,"name":"Shaded","section":"Shading Mode"},"sceneLighting":false,"audioPlay":false,"sceneViewState":{"showFog":true,"showMaterialUpdate":false,"showSkybox":false,"showFlares":true,"showImageEffects":true,"showParticleSystems":true},"in2DMode":false,"pivot":{"x":2.1692214012145998,"y":0.5504971146583557,"z":0.7189346551895142},"rotation":{"x":0.25182878971099856,"y":0.5244812369346619,"z":-0.1658819615840912,"w":0.796231746673584},"size":5.823434829711914,"orthographic":false}