{"cameraMode":{"drawMode":0,"name":"Shaded","section":"Shading Mode"},"sceneLighting":false,"audioPlay":false,"sceneViewState":{"showFog":true,"showMaterialUpdate":true,"showSkybox":false,"showFlares":true,"showImageEffects":true,"showParticleSystems":true},"in2DMode":false,"pivot":{"x":13.05715274810791,"y":7.0253753662109379,"z":146.58335876464845},"rotation":{"x":0.0843225046992302,"y":-0.9091582894325256,"z":0.2256845235824585,"w":0.3396873474121094},"size":17.007810592651368,"orthographic":false}