{"cameraMode":{"drawMode":0,"name":"Shaded","section":"Shading Mode"},"sceneLighting":false,"audioPlay":false,"sceneViewState":{"showFog":true,"showMaterialUpdate":false,"showSkybox":false,"showFlares":true,"showImageEffects":true,"showParticleSystems":true},"in2DMode":false,"pivot":{"x":-153.55545043945313,"y":3.2568306922912599,"z":148.0352020263672},"rotation":{"x":0.10939887166023255,"y":-0.17236344516277314,"z":0.019266095012426378,"w":0.9787499904632568},"size":18.914928436279298,"orthographic":false}