{"cameraMode":{"drawMode":0,"name":"Shaded","section":"Shading Mode"},"sceneLighting":false,"audioPlay":false,"sceneViewState":{"showFog":true,"showMaterialUpdate":false,"showSkybox":false,"showFlares":true,"showImageEffects":true,"showParticleSystems":true},"in2DMode":false,"pivot":{"x":200.5275421142578,"y":143.28170776367188,"z":457.76104736328127},"rotation":{"x":0.007309328764677048,"y":-0.9926199913024902,"z":0.07939396053552628,"w":0.09137195348739624},"size":60.50629425048828,"orthographic":false}