{"cameraMode":{"drawMode":0,"name":"Shaded","section":"Shading Mode"},"sceneLighting":false,"audioPlay":false,"sceneViewState":{"showFog":true,"showMaterialUpdate":false,"showSkybox":false,"showFlares":true,"showImageEffects":true,"showParticleSystems":true},"in2DMode":false,"pivot":{"x":107.842529296875,"y":111.70675659179688,"z":470.6881103515625},"rotation":{"x":0.007309328764677048,"y":-0.9926199913024902,"z":0.07939396053552628,"w":0.09137195348739624},"size":90.66655731201172,"orthographic":false}