{"cameraMode":{"drawMode":0,"name":"Shaded","section":"Shading Mode"},"sceneLighting":false,"audioPlay":false,"sceneViewState":{"showFog":true,"showMaterialUpdate":false,"showSkybox":false,"showFlares":true,"showImageEffects":true,"showParticleSystems":true},"in2DMode":false,"pivot":{"x":-9.632440567016602,"y":3.8705382347106935,"z":-6.696492671966553},"rotation":{"x":0.044626396149396899,"y":-0.9277024269104004,"z":0.11780554056167603,"w":0.35142362117767336},"size":29.242748260498048,"orthographic":false}