{"cameraMode":{"drawMode":0,"name":"Shaded","section":"Shading Mode"},"sceneLighting":false,"audioPlay":false,"sceneViewState":{"showFog":true,"showMaterialUpdate":false,"showSkybox":false,"showFlares":true,"showImageEffects":true,"showParticleSystems":true},"in2DMode":false,"pivot":{"x":1.2698464393615723,"y":4.0273942947387699,"z":6.728999614715576},"rotation":{"x":-0.009996007196605206,"y":-0.9827386140823364,"z":0.17610374093055726,"w":-0.05578869208693504},"size":19.261180877685548,"orthographic":false}