{"cameraMode":{"drawMode":0,"name":"Shaded","section":"Shading Mode"},"sceneLighting":false,"audioPlay":false,"sceneViewState":{"showFog":true,"showMaterialUpdate":false,"showSkybox":false,"showFlares":true,"showImageEffects":true,"showParticleSystems":true},"in2DMode":false,"pivot":{"x":83.93072509765625,"y":90.281982421875,"z":455.0812072753906},"rotation":{"x":-0.004873203579336405,"y":-0.9940860271453857,"z":0.09604155272245407,"w":-0.05045074224472046},"size":74.3411865234375,"orthographic":false}