{"cameraMode":{"drawMode":0,"name":"Shaded","section":"Shading Mode"},"sceneLighting":true,"audioPlay":false,"sceneViewState":{"showFog":true,"showMaterialUpdate":false,"showSkybox":true,"showFlares":true,"showImageEffects":true,"showParticleSystems":true},"in2DMode":false,"pivot":{"x":5.353053092956543,"y":6.216753959655762,"z":5.103569984436035},"rotation":{"x":0.030795209109783174,"y":-0.9484724402427673,"z":0.09737750142812729,"w":0.2999488413333893},"size":8.35493278503418,"orthographic":false}