{"cameraMode":{"drawMode":0,"name":"Shaded","section":"Shading Mode"},"sceneLighting":true,"audioPlay":false,"sceneViewState":{"showFog":true,"showMaterialUpdate":false,"showSkybox":true,"showFlares":true,"showImageEffects":true,"showParticleSystems":true},"in2DMode":false,"pivot":{"x":-120.2127914428711,"y":193.96298217773438,"z":192.69442749023438},"rotation":{"x":-0.05868612229824066,"y":0.765177309513092,"z":-0.07046496868133545,"w":-0.6372553110122681},"size":54.768531799316409,"orthographic":false}