{"cameraMode":{"drawMode":0,"name":"Shaded","section":"Shading Mode"},"sceneLighting":false,"audioPlay":false,"sceneViewState":{"showFog":true,"showMaterialUpdate":false,"showSkybox":false,"showFlares":true,"showImageEffects":true,"showParticleSystems":true},"in2DMode":false,"pivot":{"x":-0.1671210527420044,"y":-0.056434765458106998,"z":-0.2043001651763916},"rotation":{"x":-0.04613783210515976,"y":-0.9468094706535339,"z":0.15797771513462068,"w":-0.2765251398086548},"size":0.5715767741203308,"orthographic":false}