{"cameraMode":{"drawMode":0,"name":"Shaded","section":"Shading Mode"},"sceneLighting":true,"audioPlay":false,"sceneViewState":{"showFog":true,"showMaterialUpdate":false,"showSkybox":true,"showFlares":true,"showImageEffects":true,"showParticleSystems":true},"in2DMode":false,"pivot":{"x":66.00044250488281,"y":-178.65341186523438,"z":-139.43003845214845},"rotation":{"x":-0.07051419466733933,"y":-0.929257333278656,"z":0.2455427348613739,"w":-0.26686593890190127},"size":1040.8966064453125,"orthographic":false}