{"cameraMode":{"drawMode":0,"name":"Shaded","section":"Shading Mode"},"sceneLighting":false,"audioPlay":false,"sceneViewState":{"showFog":true,"showMaterialUpdate":false,"showSkybox":false,"showFlares":true,"showImageEffects":true,"showParticleSystems":true},"in2DMode":false,"pivot":{"x":7.230000019073486,"y":11.529999732971192,"z":206.3000030517578},"rotation":{"x":-0.1996249109506607,"y":0.26380467414855959,"z":-0.05590137466788292,"w":-0.9420361518859863},"size":18.74039649963379,"orthographic":false}