{"cameraMode":{"drawMode":0,"name":"Shaded","section":"Shading Mode"},"sceneLighting":true,"audioPlay":false,"sceneViewState":{"showFog":true,"showMaterialUpdate":false,"showSkybox":true,"showFlares":true,"showImageEffects":true,"showParticleSystems":true},"in2DMode":false,"pivot":{"x":14.034708023071289,"y":269.15435791015627,"z":-13.510128021240235},"rotation":{"x":-0.081093430519104,"y":-0.6454463601112366,"z":0.06920288503170014,"w":-0.7563291788101196},"size":13.13475513458252,"orthographic":false}